"normal_median","tumor_median","surv_cutoff","tumor_type"
0,8.889228417415,7.9393,"DLBC"
9.44320154106,9.942645227475,10.1468,"KICH"
0,10.3400705091,10.6736,"LAML"
