"normal_median","tumor_median","surv_cutoff","tumor_type"
9.206444531955,9.402954073455,9.0061,"BRCA"
8.76707540595,9.85826639665,10.0841,"COAD"
8.8124103004,9.45419371239,9.8487,"GBM"
8.83900154462,9.46188989191,9.1136,"LUAD"
8.4438047101,9.48698320437,3.7475,"STAD"
