"min","25%","median","75%","max","surv_cutoff","tumor_type","condition"
10.2249873399,12.5141365127,13.3061001551,14.07019680545,16.5142024825,NA,"BRCA","normal"
7.59859522371,10.078675447625,10.8522890305,11.766962737225,15.7070536272,12.0514,"BRCA","tumor"
10.8033548394,11.5976845195,12.0224168153,12.5844957331,13.6272016251,NA,"COAD","normal"
9.22639605571,10.87327394675,11.4540393692,12.1417510545,14.4348484981,11.4226,"COAD","tumor"
10.5953369347,12.1787097867,12.8806198525,13.5321836756,14.6342319959,NA,"KICH","normal"
7.09582422936,8.9769553091,10.1314328555,10.99736240095,13.6510795601,8.5601,"KICH","tumor"
10.3422975016,12.88678411605,13.6912978089,14.6911815202,16.0846810234,NA,"LUAD","normal"
8.46356238145,11.0795935152,11.7889175968,12.6266610499,15.5664720653,13.7859,"LUAD","tumor"
