"min","25%","median","75%","max","surv_cutoff","tumor_type","condition"
10.5953369347,12.1787097867,12.8806198525,13.5321836756,14.6342319959,NA,"KICH","normal"
7.09582422936,8.9769553091,10.1314328555,10.99736240095,13.6510795601,8.5601,"KICH","tumor"
