"normal_median","tumor_median","surv_cutoff","tumor_type"
13.3061001551,10.8522890305,13.1745,"BRCA"
12.0224168153,11.4540393692,11.4226,"COAD"
11.146992767,11.07949099005,12.1761,"GBM"
12.8806198525,10.1314328555,8.5601,"KICH"
13.6912978089,11.7889175968,13.7859,"LUAD"
11.65491604035,12.5694008504,11.5733,"PAAD"
12.300068544,11.3907633273,10.5041,"SARC"
13.8391996734,12.4355726023,7.1164,"STAD"
