"normal_median","tumor_median","surv_cutoff","tumor_type"
13.50326504955,12.7531369503,12.9912,"BRCA"
11.8506748174,12.0979246337,12.215,"COAD"
11.1090058629,12.0945548991,12.4789,"GBM"
13.0886483011,12.09193974275,11.118,"KICH"
12.941208598,13.0787755456,13.9664,"LUAD"
13.3962474531,12.91142298,12.1723,"PAAD"
12.5065800973,12.9873377795,12.9227,"SARC"
13.503878534,12.9356629808,5.8054,"STAD"
