"normal_median","tumor_median","surv_cutoff","tumor_type"
0,11.62836727975,11.7188,"DLBC"
11.5750911004,11.99730519235,12.0342,"KICH"
0,10.8297026006,10.4254,"LAML"
