"normal_median","tumor_median","surv_cutoff","tumor_type"
13.3061001551,10.8522890305,12.0514,"BRCA"
12.0224168153,11.4540393692,11.4226,"COAD"
12.8806198525,10.1314328555,8.5601,"KICH"
13.6912978089,11.7889175968,13.7859,"LUAD"
