"min","25%","median","75%","max","surv_cutoff","tumor_type","condition"
11.446888718,12.8543599413,13.2129798653,13.4878104852,14.1982972574,NA,"BRCA","normal"
8.7076410858,11.1799563762,11.8219989599,12.447304843,14.4259901735,12.575,"BRCA","tumor"
11.5802657762,12.6032572794,12.9133045003,13.1816702635,13.9958428427,NA,"COAD","normal"
9.9516036756,12.4259673526,12.7468851292,13.1323903511,14.4435156087,12.6254,"COAD","tumor"
11.2821398108,12.0602057982,12.4886732861,12.7518957568,13.4316984811,NA,"KICH","normal"
9.2638060319,10.5555935358,10.9630627551,11.4516835201,12.2560948786,10.6446,"KICH","tumor"
11.3511135427,12.0447003712,12.3096833924,12.4947081307,13.2600968336,NA,"LUAD","normal"
9.5103127978,11.2109979524,11.6387469107,12.1161768069,13.8188803915,10.7926,"LUAD","tumor"
