"normal_median","tumor_median","surv_cutoff","tumor_type"
12.3096833924,11.6387469107,10.7926,"LUAD"
13.2129798653,11.82199895985,12.575,"BRCA"
12.9133045003,12.7468851292,12.6254,"COAD"
12.4886732861,10.96306275505,10.6446,"KICH"
12.3096833924,11.6387469107,10.7926,"LUAD"
